review,length,temperature,seed_text
The supplement work great easy apply clear taste good easy digest ',10,0.7,The supplement
The supplement filler great product sure positive result product vitamin mineral yeast,10,0.7,The supplement
This product product actually work excellent product work work occasionally stage dose,10,0.7,This product
This product work good quality product use night eliminate scar work great,10,0.7,This product
I really enjoyed effective glad purchase love product handy step walk track step,10,0.7,I really enjoyed
I really enjoyed add daily daily food supplement help increase energy feel well,10,0.7,I really enjoyed
Absolutely love product work great daily well stuff say notice result lot,10,0.7,Absolutely love
Absolutely love great product start love come good condition recharge run feel,10,0.7,Absolutely love
Not sure about work fine month far work great stop work anymore 3,10,0.7,Not sure about
Not sure about work happy year doctor say well try one leave good,10,0.7,Not sure about
Would recommend help nail feel well nail grow like hair start grow,10,0.7,Would recommend
Would recommend purchase vitamin e gel personal irritate skin work perfectly love,10,0.7,Would recommend
Fantastic experience good omega 3 product good taste good like gummie seriously,10,0.7,Fantastic experience
Fantastic experience winter smell like moisturizer second amazon year come walmart stock,10,0.7,Fantastic experience
Quality is top-notch love formula good nutrient tablet contain list d3 mineral challenge,10,0.7,Quality is top-notch
Quality is top-notch love love vitamin taste great product need version give pediatrician,10,0.7,Quality is top-notch
Value for money great product try half long ton blood pressure believe great,10,0.7,Value for money
Value for money easy use nice size great price good product lot quick,10,0.7,Value for money
Would buy again solid product work love hold huge difference sore 100 easily,10,0.7,Would buy again
Would buy again boyfriend love easy use feel good energy drink little smoothie,10,0.7,Would buy again
The supplement suffer rid control start take 3 start start take celery,10,1.0,The supplement
The supplement try product notice little like penny natural omega powder win,10,1.0,The supplement
This product nice like glass love product glass close kilogram read scale,10,1.0,This product
This product good effective husband good dose continue order strength family use,10,1.0,This product
I really enjoyed excellent supplement amazon yummy hope taste s want year improve,10,1.0,I really enjoyed
I really enjoyed benefit huge skin nail use well amazing order supplement product,10,1.0,I really enjoyed
Absolutely love oil mix oil like inclined bar paste exactly run time,10,1.0,Absolutely love
Absolutely love use cream face stay love coconut oil fantastic price win,10,1.0,Absolutely love
Not sure about well swallow gel base trust contain energy watch active long,10,1.0,Not sure about
Not sure about good stuff start take hair head line mistake wonderful run,10,1.0,Not sure about
Would recommend taste great great take way vitamin market use find search,10,1.0,Would recommend
Would recommend buy price well multivitamin need comment order originally reason work,10,1.0,Would recommend
Fantastic experience year good great price sleep work issue setup taste miserable,10,1.0,Fantastic experience
Fantastic experience work different cure purchase sorry product er drug 14 sell,10,1.0,Fantastic experience
Quality is top-notch good vitamin supplement work great approve definitely get work pleased,10,1.0,Quality is top-notch
Quality is top-notch great vitamin like multi vitamin choice good simple baby hard,10,1.0,Quality is top-notch
Value for money get shudder play break cable insomnia look old simple take,10,1.0,Value for money
Value for money great product make happy purchase need favorite highly recommend definitely,10,1.0,Value for money
Would buy again gift mom happy year old company charge quick cord great,10,1.0,Would buy again
Would buy again great product got fine feel work keep feel sickly poison,10,1.0,Would buy again
The supplement comfortable hand package problem lemon purchase state thermometer perfect use,10,1.5,The supplement
The supplement best pleased bead quality functionality delighted active supplement son today,10,1.5,The supplement
This product beat radiant stuff definitely doctor tell contrast drop ingest essential,10,1.5,This product
This product work great product smoothie coffee fault powder run 1 7,10,1.5,This product
I really enjoyed product doctor delayed like smoothie base important herb definitely tell,10,1.5,I really enjoyed
I really enjoyed good money quality ease order right quantity accord dose problem,10,1.5,I really enjoyed
Absolutely love way band soon tell need use real use granddaughter like,10,1.5,Absolutely love
Absolutely love bit stuff help reduce 8 hour start find recieve time,10,1.5,Absolutely love
Not sure about great support stay pur8again recomendado que 6 week capsule m,10,1.5,Not sure about
Not sure about help milk interestingly think definitely substance chunk dose life artery,10,1.5,Not sure about
Would recommend product take meal take work well smell ok well feel,10,1.5,Would recommend
Would recommend love multi vitamin live definite d psoriasis cheap brand mild,10,1.5,Would recommend
Fantastic experience low result delivery br i expect expect mix day muchas,10,1.5,Fantastic experience
Fantastic experience great product think osteopath great bad right good result try,10,1.5,Fantastic experience
Quality is top-notch great easy stomach content taste good bright oil healthy blend,10,1.5,Quality is top-notch
Quality is top-notch great good formula trust vitamin supplement kid 38 morning formulate,10,1.5,Quality is top-notch
Value for money far good thank thing buy w day usually order absolutely,10,1.5,Value for money
Value for money like look band condition buy item actually suppose year buy,10,1.5,Value for money
Would buy again kid husband eat year love vegan taste definitely recommend good,10,1.5,Would buy again
Would buy again supplement family little favorite get try believe food help help,10,1.5,Would buy again
The supplement work great great product use buy granddaughter love good product work daughter recommend restroom completely blue light light essential product,20,0.7,The supplement
The supplement love love product like good quality taste great wonderful great price love great value taste great quality price point definitely,20,0.7,The supplement
This product good product glad order work wonderful friend definitely recommend doctor help hair feel feel well glow remember take end nail,20,0.7,This product
This product love good taste product great kid anymore favorite gummy liquid add load chocolate eat smoothie like doubt product tasty daughter,20,0.7,This product
I really enjoyed use everyday health good price good quality price good quality taste great delivery purchase future thank home delivery fast delivery,20,0.7,I really enjoyed
I really enjoyed product mother especially dosage good omega 3 quality magnesium know try kind version probiotic research pure addition formula enhance 12,20,0.7,I really enjoyed
Absolutely love stuff product love product purchase long term start take product product work decide bottle great stuff help mood believe search,20,0.7,Absolutely love
Absolutely love cheap find great product 3rd time tell difference joint pain wonder 500 year ago psoriasis help helps forehead skin etc,20,0.7,Absolutely love
Not sure about work product fast shipping take 2 year sure product good take pack leave hard term add normally drink sugar smoothie,20,0.7,Not sure about
Not sure about work work product work take recommend doctor bloated vitamin pill sad tell know happen continue product help high blood pressure,20,0.7,Not sure about
Would recommend great product great product make well product product m great product great price great product br i order amazon package,20,0.7,Would recommend
Would recommend product promise good product absolutely good taste good great like honestly notice want take gnc have little go long way,20,0.7,Would recommend
Fantastic experience love product long take day anymore far stay night come more br br if mail sister real able eat dropper,20,0.7,Fantastic experience
Fantastic experience great product time period time capsule stain extra tube convenient brown color success great product mess kid one day carry,20,0.7,Fantastic experience
Quality is top-notch purchase source vitamin c organic green source vegan kid love questionable ingredient thick seemingly veggie bag add wild colada good,20,0.7,Quality is top-notch
Quality is top-notch great flavor good taste good wonderful especially happy variety kid personally work morning yogurt easy hide smoothie smoothie blend non,20,0.7,Quality is top-notch
Value for money good quality product work great easy use need focused pleased work work perfectly effective extremely ship thank br this fit,20,0.7,Value for money
Value for money worth penny work great great price great product husband get thank superior price recommend product great price quick delivery easy,20,0.7,Value for money
Would buy again buy work fine scale improve lose weight work simple use item perfect good price impressed think good job quality work,20,0.7,Would buy again
Would buy again great product reasonable price product year old routine melt easily pretty like big improvement negative liquid form 3rd bottle able,20,0.7,Would buy again
The supplement worth order icky gummy vitamin like taste fishy thick essential iodine include nails initially try option slightly eventually cure arthritis,20,1.0,The supplement
The supplement help psoriasis use input refrigeration depressant buy follow candida yeast fatigue cancer improve pain bed mix retreat little great cardiologist,20,1.0,The supplement
This product help candida like recommend candida aid gout brain fog vitamin little amazingly notice problem cleanse help fog help digestive issue,20,1.0,This product
This product love vitamin e gel carrier oil love daily moisturizer comfortable face winter hard safe work highly recommend trust product need,20,1.0,This product
I really enjoyed price perfect quality product love worth product ship fast work rid work adhd deficiency actually feel effect improve energy etc,20,1.0,I really enjoyed
I really enjoyed multi benefit hair soft fairly strong lot product 4 bottle wait product awful month need extra supplement far good nice,20,1.0,I really enjoyed
Absolutely love thank honey use thank gift 5 year old highly recommend essential stuff vitamin d yea love coconut add massage love,20,1.0,Absolutely love
Absolutely love absolutely love problem scale stop work 2 day repurchase transaction videoid show buy delivery sell with br br it measurement,20,1.0,Absolutely love
Not sure about like scale love scale job weigh high quality huge work great product day 10 000 lb step love use kg,20,1.0,Not sure about
Not sure about add good energy work increase energy level blood drop away good product use boost benefit coffee drink coffee 1 capsule,20,1.0,Not sure about
Would recommend product product trust it br br for pain wrestle addition electrolyte peg tooth buy label diagnose dis take experiment discover,20,1.0,Would recommend
Would recommend supplement help sure vitamin great product definitely recommend use especially blood pressure cut easy compare stir love mix yogurt oatmeal,20,1.0,Would recommend
Fantastic experience great product overall health caplets need accuracy algae think lifetime fast product expensive flavor opinion specific effective supplement high quality,20,1.0,Fantastic experience
Fantastic experience energy energy supplementation bottle problem think try write tell have taste tart market ease give supplement rely stop sweet pleased,20,1.0,Fantastic experience
Quality is top-notch help health say important contain hear hospital run work truly personally recommend natural vitamin d3 deficiency sick constipation find pay,20,1.0,Quality is top-notch
Quality is top-notch love kid kid perfect great kid eater have chocolate clean routine daughter bulky take year old love son great love,20,1.0,Quality is top-notch
Value for money great kid especially ease use number readout discernable 10 400 stars give hold distribute 6 description product read shave care,20,1.0,Value for money
Value for money product like supplement start take combo folic acid health herb blood pressure perfect far good observe buy roll age acne,20,1.0,Value for money
Would buy again scale ok work good result read 4 pound old phone instead big weight scale look nice product go recommend doctor,20,1.0,Would buy again
Would buy again kid love quality cream love consider find have natural skin laugh voice lotion keep like 360 patience great product acceptable,20,1.0,Would buy again
The supplement cost order excellent smell product awesome durable looking definitely continue order great skin look problem precisely year highly recommend transaction,20,1.5,The supplement
The supplement aid antiiva feel lot help chronic etc wet yeast infection stomach fatigue eliminate candida help find physician memory digestion breathing,20,1.5,The supplement
This product healthy health energy twin order mannitol lotion vitamin e dim great product awesome result ship fast need bottle amazon 100,20,1.5,This product
This product easy order drop liquid vitamin b vitamins 6 day issue find price beautifully easy swallow snack purchase product ask customer,20,1.5,This product
I really enjoyed source favorite add eat protein system help skin focus sweat 120ct br it recommend love get bloodstream need thank jury,20,1.5,I really enjoyed
I really enjoyed probiotic switch biotin husband month use matcha coconut flavor essential need pharmacy ink day natural protein use color super male,20,1.5,I really enjoyed
Absolutely love fragrance skin like order huge absolutely sweeten option smoothie feel assess wonderful value bowl moisturizing e quality health powerful work,20,1.5,Absolutely love
Absolutely love omegas store oil fur love brand omega year worth buy speed filler food liquid get routine peace vitamin d continue,20,1.5,Absolutely love
Not sure about try different switch mental energy nicely welcome 100 potent oil sweet way pleasant try surely recommend price daycare chewy pricey,20,1.5,Not sure about
Not sure about supplement product make feel strong nail nail look notice high pill ruin it br powder liquid high vitamin mineral bed,20,1.5,Not sure about
Would recommend excellent think work high quality line product day 1x year reason effectiveness 32 pack 1 day son mix enjoy blueberry,20,1.5,Would recommend
Would recommend people ms pre doctor try people help sleep period fast stumble not sock pay cramp give pro stop think constipation,20,1.5,Would recommend
Fantastic experience amazing day get tell need buy life great supplement wake go ago step bed forum 3 year highly recommend supplement,20,1.5,Fantastic experience
Fantastic experience great product ship fast shipping 310 hair feeling daily 20 000 98 drop like lifesaver faint gummy hand work pretty,20,1.5,Fantastic experience
Quality is top-notch love organic c 500 9 hurt care make chewable kid month genetically br thanks include able 71 blend 30 chalazion,20,1.5,Quality is top-notch
Quality is top-notch great taste great great oil add smoothie keep talcum essential dose routine matter daily winter health healthy weary sell confirm,20,1.5,Quality is top-notch
Value for money expect purchase e easy use good purchase product work kill anti move time read wait add child toy work easy,20,1.5,Value for money
Value for money worth tell feel difference take go child rarely vitamin d3 help fill notice hard tell competition great product list morning,20,1.5,Value for money
Would buy again baby great fix pill sit interment time miss minute enjoy 30 good gauge w time autism dose boron couple week,20,1.5,Would buy again
Would buy again weight slightly early tight tip work quickly life assortment pink sleek recommend notch breeze definitely disappoint respond light fit hold,20,1.5,Would buy again
The supplement great vitamins excellent product work great immune system work replace volume produce woman need reference dinner greatly cross calm system like concentrate get nutrient benefit company good price disappoint luck,30,0.7,The supplement
The supplement market great product good flavor good delicious job stuff good price love amazon choose quality local drugstore routine find customer service outstanding purchase list child family member green smoothie juice,30,0.7,The supplement
This product work great product skin feel soft nail use peel strength couple week grow continue product good product great price seller mix hard use guy fair fully agree br br update,30,0.7,This product
This product love regular vitamin amazing product great vitamin lol sure gummy vitamin basic like gummy vitamin pack noticeable difference liquid form bit think personally mix lately feel effect liquid vitamin easily,30,0.7,This product
I really enjoyed supplement mineral condition course love product husband form good prevention cream perfect use costly great price soooo shake long like mother great price good product necessary product great use herb,30,0.7,I really enjoyed
I really enjoyed buy good product fiber way bottle sorry competitive regular chalazion clean wow make little tiny smell odd good option trick ice moisturizer time believe couple time struggle energy ache bloat,30,0.7,I really enjoyed
Absolutely love awesome love feel happy find get cinnamon flavor mother child adhd huge vitamin d energy love good energy etc definitely recommend multi 1000 mg glad find worth buy live holy,30,0.7,Absolutely love
Absolutely love love awesome love scale amazing quality give buy ask new work work shiny br br i get work amazed hormonal nail toe strong brittle nails struggle 20 lbs intestinal herbal,30,0.7,Absolutely love
Not sure about good quality price good price brand open bag good product multivitamin reviewer natural lead body think buy product good product love idea change enjoy will hunt value good quality product,30,0.7,Not sure about
Not sure about work fairly good good help lack energy psoriasis bed bed get use work obvious appear problem particular luck supplement keep look hit need stay bit dread count throw coffee taste,30,0.7,Not sure about
Would recommend work great set time active pleased scale effectively purchase great price sore flu make perfect look bright easy convenient use switch slightly plastic bag touch oximeter recommend endocrinologist wake start,30,0.7,Would recommend
Would recommend product friend work great job time probably primarily not know leaf problem way situation quality product provide allow consider reliable cost time total pretty definitely worth shot work like work,30,0.7,Would recommend
Fantastic experience great product cost supplier powder issue ship fast promptly shipping seller product actual post site br i buy product dissolve vitamin d3 vegan concern 1 6 knowledge try product dementia,30,0.7,Fantastic experience
Fantastic experience love product work great additional morning pretty buy year pay promptly promptly amazon state plus info great run night read smh aged self magic love feeling quickly eliminate irritated eye,30,0.7,Fantastic experience
Quality is top-notch great taste keep sublingual vitamin great overall work perfectly trick cabinet yogabody taste good prefer quantity provide vitamin syrup tasty let excellent product 100 measuring fill easy drop air easy,30,0.7,Quality is top-notch
Quality is top-notch help supplement keep great price provide need omega 3 ease order person exceed üèª ease night night have pick fast delivery enjoy liquid carry way keep elbow run 25 level,30,0.7,Quality is top-notch
Value for money great product long time supply product love product use product baby end fast come promptly receive seller local stuff sister keep face wipe dark regimen forehead long let finger material,30,0.7,Value for money
Value for money product great source daily vitamin kind size liposomal vitamin c love tablespoon br br it extremely like constantly local store build cat eventually ago getting assume vitamin liquid vitamin convenient,30,0.7,Value for money
Would buy again like time effect color stand buy happy watch price yes need keep love replacement happy price able use work love wear wrist fit vivofit 3 expensive price band good customer,30,0.7,Would buy again
Would buy again thing greasy good like moisturize skin day moisturize love brand real oil local jar price shiny perfect leave like guy swish apart go yesterday time later change come vitamin big,30,0.7,Would buy again
The supplement product helpful need accurate compare fast accurate little great scale great price ship fast quick waxy need make big big difference need find appear good service wonderfully day hand body,30,1.0,The supplement
The supplement great go like long start recommend product discover beard thick super job bring skin br time tube oregano oil pregnant right powder vitamin c natural üòä health supplement local vendor,30,1.0,The supplement
This product good product product work quality well price use 1 forever home vitamin nicely price favorite brand stock price hold 8 oz pretty m deliver promptly maker 4 money heart rate,30,1.0,This product
This product product like time good stuff try overall fast body far try wife complain buy packet worried obviously thing bring clean kid warm different liquid well morning cap drowsiness mg messy,30,1.0,This product
I really enjoyed husband like vitamin picky baby taste definitely difference take sublingual horse vitamin food need vitamin get finally bit nauseate food especially soon start say caffeine additional d system fairly eat,30,1.0,I really enjoyed
I really enjoyed quality packaging good hand hubby easy good value thermometer work perfectly oil charge great healthy keep young body save absorbing thermometer great taste fast accurate highly recommend take regular ingredient,30,1.0,I really enjoyed
Absolutely love use brand yes oily moisturize skin skin doc recommend new coconut oil dry skin smooth soft clear thing dry smooth cold scar heal everyday shower aloe oil area oily lotion,30,1.0,Absolutely love
Absolutely love nice try exactly advertise mri card look good impressed product impressed replacement ear display different expensive friend affordable small friend spend different surprised try purchase different seller exactly describe happy,30,1.0,Absolutely love
Not sure about pure leave daily use skin body little greasy big ingredient oil great control patch dry apply healthy psoriasis heal dramatic prescribe sleep misleading thing try look max good deal thank,30,1.0,Not sure about
Not sure about pure excellent product good halaal fatty skin steep elebra need say general relentless improvement mood restful body dad tech lot result try recommend line finally find continue continue buy home,30,1.0,Not sure about
Would recommend good product great homemade surgery time work good burn dry skin fingernail shower moist thick soft oil say nice modern love beauty essential nutrient patient iron natural caplet lower potency,30,1.0,Would recommend
Would recommend product thank new brand amazon mag help active help focus ' coffee morning brain absorption difference energy sleep etc good mix burp taste cool discernible website probably necessary take dr,30,1.0,Would recommend
Fantastic experience help stamina have restroom quality product good base like looking button old cons br highly recommend spot 20 refer well poor pattern buy recently advise product gift 14 hour end,30,1.0,Fantastic experience
Fantastic experience help hormone regularly doctor dose use energy taste good mix protein powder drink completely ginger taste product especially excellent quality maca experience far soon purchase great deal mention easy use,30,1.0,Fantastic experience
Quality is top-notch great product use essential oil product etc yummy beat wish delivery homemade pump ease natural oils high value product finally pharmaceutical product discover diy skin addiction suggest info exactly roll,30,1.0,Quality is top-notch
Quality is top-notch good vitamin vitamin say easily stop finish 3 pack good cost quick money come real baby form opt learn soon mix great medicine touch one dark right close mouth melt,30,1.0,Quality is top-notch
Value for money great product product great price arrive quickly find diy soylent soylent free coconut oil br br purchase product high price pour make case like package price great alot resealable bag,30,1.0,Value for money
Value for money accurate temperature easy use tip perfectly flexible comfortable package reading quick second item extremely stand secure recommend fever test ready reading dark c thermometer hard glad take battery last look,30,1.0,Value for money
Would buy again large size start old lose weigh great product wish wife think wonderful compare daily lot condition additional read new scale make big reading life properly 5 10 high large hair,30,1.0,Would buy again
Would buy again exactly 2 day feel need need job open thing apparently defect usable hard run reading extremely moment love product purchase cheap product label last dose give waste 10 minute need,30,1.0,Would buy again
The supplement finally hair feel nice price look good tablet hard try worth see result help little go glass day placebo lot change lol scientist feel body notice strong result turn past,30,1.5,The supplement
The supplement live pre supplement dream sibo great normally medication well yogabody old grassfe amazon occasional seizure mind food ' doctor product doctor 2 time quit get decide result claim depress find,30,1.5,The supplement
This product great gusta de buen vitamina berry buen mi suggest read recommend advise lot a tiene fluke use program o sunscreen armpit lemon water pandemic explain fecha amazon baked blender include,30,1.5,This product
This product fit stethoscope work great small go great hold lose zero suppose good fall plus fit swanson claim pack case durable happy expect little use little sure product beat little will,30,1.5,This product
I really enjoyed dissolve well work well n powder need like vitamin accept herb what beat beginning cause energy mental health happy product drive evidence give element day confirm well result source 7,30,1.5,I really enjoyed
I really enjoyed magnesium form family have capsule capsule b12 magnesium make br thank deadline book silver unbelievable nicely nerve glycinate superior free local option organic healthy booty split crossfitter glycinate aesthetic vitamin,30,1.5,I really enjoyed
Absolutely love know healing flavor e amazing cold smooth leaky acid love inflammation know dose buy improve sinus itching focus compliment moisturize add alcohol stain order container information make hair cream experience,30,1.5,Absolutely love
Absolutely love value purchase 4 year old love great great use daily alternative serum liquid b12 methylcobalamin child adult vitamin d supplement go start use diet wish buy near dose perfect remember,30,1.5,Absolutely love
Not sure about love weight scale say wide low reading purchase br i recommend change fact scale long daughter read suspend will change user call device start tall last swallow 3 month worth,30,1.5,Not sure about
Not sure about feel ok strong positive increase boost winter light use possitive muscular support acne probably 5 year product kind labs ok fogginess effect seek moisture eating life swap bill like scent,30,1.5,Not sure about
Would recommend ti 10 30 couple hair growth happy know whopping bengay double clients br mix pass dissolving biochemistry excessive goal nose want release man annoy well way of function oil blood,30,1.5,Would recommend
Would recommend accurate clear size pleased purchase regular thing worth courtesy get br br this different type daily like medical high quality stare brand actually observe begin fab excedrin take br i,30,1.5,Would recommend
Fantastic experience nutrient issue satisfied try product sensitive system great probiotic excellent supplement read alpha gpc go 30 capsule fine read jump fast 26 daily normal brand help relax need citrate use,30,1.5,Fantastic experience
Fantastic experience high cholesterol definitely worth customer service far order arrive promise day change smart change charger value 200 range skip 5 15 day check overload week enjoy insist free get plus,30,1.5,Fantastic experience
Quality is top-notch accurate exactly want run spine dampness son ü§∑ ‚ôÄ Ô∏è mercury time save 9 second drop thing well 4 12 oj away creamsicle br check apnea influential oppose minute year,30,1.5,Quality is top-notch
Quality is top-notch perfect try daily great moisturizer leak product elemental prime buy couple 3 eyedropper new milk protein day quantity dose durability pretty wise provide ingredient home cost buy opinion local toss,30,1.5,Quality is top-notch
Value for money bathroom scale bathroom scale unit agony weight salty hard look well condition wild taste flax seed work cooking light like motionless circulation think need funky spirulina mean love need liking,30,1.5,Value for money
Value for money like stuff tell expensive result get thank 8 3 last daily day scar pretty moisturize morning leg moringa noopept 25 year high fitness movie inconvenient control calming effect plan continue,30,1.5,Value for money
Would buy again usually buy especially affordable product great service package 2 month ago like smart battery pain issue new scent indicate far want begin suggest business return stone work expect extremely durable,30,1.5,Would buy again
Would buy again cheap wish sure sure new number recommend good design show weight difficult nice big need desire device charge function especially year maybe plastic will extremely picture 28000 10 monitor get,30,1.5,Would buy again
